{"stats":{"minecraft:picked_up":{"minecraft:spruce_log":3},"minecraft:dropped":{"alexsmobs:animal_dictionary":1,"patchouli:guide_book":1},"minecraft:custom":{"minecraft:jump":87,"minecraft:time_since_rest":4363,"minecraft:walk_on_water_one_cm":74,"minecraft:damage_taken":70,"minecraft:leave_game":5,"minecraft:time_since_death":4363,"minecraft:play_time":4363,"minecraft:sprint_one_cm":3275,"minecraft:walk_one_cm":14309,"minecraft:total_world_time":4363,"minecraft:drop":2,"minecraft:fall_one_cm":3783,"minecraft:fly_one_cm":12369},"minecraft:crafted":{"minecraft:crafting_table":1,"minecraft:spruce_planks":12},"minecraft:mined":{"minecraft:spruce_leaves":2,"minecraft:spruce_log":3}},"DataVersion":3465}